"id","image"
"1","cook/borrowing.png"
"2",
"3","cook/borrowing_4rS1yTU.png"
"4","cook/borrowing_FhCKWsF.png"
"5","cook/borrowing_Xbd0vSD.png"
"6","cook/borrowing_TbjeGXN.png"
"7","cook/borrowing_v62EWRX.png"
"8","cook/borrowing_VwfpGIj.png"
"9","cook/borrowing_YrCaxJK.png"
"10","cook/borrowing_1ZJHcXa.png"
"11","cook/Page_1.png"
"12","cook/すきやき.jpg"
"13","cook/かぼちゃの煮物.jpg"
"14","cook/きゅうりの浅漬け.jpg"
"15","cook/豚肉とキャベツの炒め物.jpg"
"16","cook/小松菜の胡麻和え.jpg"
"17","cook/ひじきの煮物.jpg"
"18","cook/ハンバーグ.jpg"
"19","cook/たたききゅうり.jpg"
"20","cook/だし巻き卵.jpg"
"21","cook/karaage.jpg"
"22","cook/ぶりの照り焼き.jpg"
"23","cook/もやしのナムル.jpg"
"24","cook/さつまいもの甘煮.jpg"
"25","cook/サバの味噌煮.jpg"
"26","cook/ほうれん草の胡麻和え.jpg"
"27","cook/ジャガイモの味噌汁.jpg"
"28","cook/ささみの梅肉和え.jpg"
"29","cook/karaage.jpg"
"30","cook/karaage_S6TBJK5.jpg"
"31",
"32","cook/karaage_aMPjiRX.jpg"
"33","cook/きんぴら.jpg"
"34","cook/dasimaki.jpg"
"35","cook/namuru.jpg"
"36","cook/きゅうりの塩昆布和え.jpg"
"37","cook/kiribosi.jpg"
"38","cook/春雨サラダ.jpg"
"39","cook/枝豆のガーリック炒め.jpg"
"40","cook/キャベツのピリ辛炒め.jpg"
"41","cook/豆腐とアボカドのサラダ.jpg"
"42","cook/じゃがいものバター醤油炒め.jpg"
"43","cook/きゅうりの梅卸和え.jpg"
"44","cook/パプリカのピクルス.jpg"
"45","cook/オクラのおかか和え.jpg"
"46","cook/レンコンのきんぴら.jpg"
"47","cook/ブロッコリーのマスタード和え.jpg"
"48","cook/きゅうりの塩昆布和え_jPZMJs5.jpg"
"49","cook/大根のお目和え.jpg"
"50","cook/karihurawa-no.jpg"
"51","cook/zulkki-ninosote-.jpg"
"52","cook/ごぼうのから揚げ.jpg"
"53","cook/セロリの甘酢.jpg"
"54","cook/ごぼうのみそバター炒め.jpg"
"55","cook/パプリカとナッツのマリネ.jpg"
"56","cook/枝豆とチーズのサラダ.jpg"
"57","cook/かぼちゃのクリーム煮.jpg"
"58","cook/マリネセロリとハムの.jpg"
"59","cook/人参の胡麻和え.jpg"
"60","cook/和風サラダキャベツとツナの.jpg"
"61","cook/オクラと酢の物.jpg"
"62","cook/みそ炒め茄子とピーマンの.jpg"
"63","cook/のサラダ豆腐と青じそ.jpg"
"64","cook/きゅうりの梅卸和え_nLTZYfs.jpg"
"65","cook/さつまいもぼ甘辛煮.jpg"
"66","cook/ハクサイとしめじの中華あえ物.jpg"
"67","cook/れんこんとひじきの炒め煮.jpg"
"68","cook/トマトとアボカドのバジルサラダ.jpg"
"69","cook/もやしと人参のナムル.jpg"
"70","cook/かぼちゃのスープ.jpg"
"71","cook/だし巻き卵.jpg"
"72","cook/misosiru.jpg"
"73","cook/茹で卵のピクルス.jpg"
"74","cook/冷やしトマト.jpg"
"75","cook/茶碗蒸し.jpg"
"76","cook/ひじきの煮物.jpg"
"77","cook/ポテトコロッケチーズ入り.jpg"
"78","cook/スイートポテト.jpg"
"79","cook/トマトの肉詰めオーブン焼き.jpg"
"80","cook/チヂミ.jpg"
"81","cook/カリフラワーマッシュ.jpg"
"82","cook/オクラの胡麻和え.jpg"
"83","zulkki-ninosote-.jpg"
"84","オクラのおかか和え.jpg"
"85","cook/オクラの胡麻和え_LGWqJsD.jpg"
"86","cook/karihurawa-no_oGVwrxz.jpg"
"87","cook/オクラの胡麻和え_pfJ5XEg.jpg"
"88","cook/オクラの胡麻和え_81Fkffw.jpg"
"89","cook/さつまいもぼ甘辛煮_Y9xKaRQ.jpg"
"90","cook/karihurawa-no_8C0VKP3.jpg"
"91","cook/オクラのおかか和え_VrwZf6n.jpg"
"92","cook/オクラのおかか和え_wcgBw6f.jpg"
"93","cook/カリフラワーマッシュ_xQjpJK8.jpg"
